split,scene,class_label,class_name,num_objects,present_frame_range,fr_start,fr_end,move,moving_object_count,static_object_count,moving_intervals
train,Warehouse_000,0,Person,60,0->8999,0,8999,TRUE,52,8,153->154;182->182;209->209;212->212;223->223;283->283;332->332;343->343;351->351;358->358;392->392;415->415;418->418;423->423;429->429;435->435;448->448;473->473;478->480;487->487;489->489;499->499;501->501;509->509;515->515;533->533;542->542;547->547;557->557;574->574;578->578;585->585;587->587;595->595;616->616;621->621;631->631;639->639;651->651;665->665;670->670;699->699;720->720;737->737;748->748;753->753;755->755;781->781;786->786;807->807;812->812;851->851;865->866;892->892;900->900;918->918;921->921;924->924;1041->1041;1093->1093;1120->1120;1127->1127;1141->1141;1147->1147;1150->1150;1158->1158;1186->1186;1197->1197;1206->1206;1214->1214;1231->1232;1258->1258;1311->1311;1322->1322;1329->1329;1365->1365;1387->1387;1432->1432;1437->1437;1447->1447;1494->1494;1498->1498;1540->1540;1559->1559;1568->1568;1577->1577;1582->1582;1588->1588;1600->1600;1616->1617;1632->1633;1640->1640;1650->1650;1676->1676;1681->1681;1698->1698;1715->1715;1721->1723;1730->1730;1750->1750;1760->1760;1763->1764;1783->1783;1791->1791;1810->1810;1825->1825;1841->1841;1846->1846;1916->1916;1920->1920;1964->1964;1995->1995;1998->1998;2013->2013;2021->2021;2031->2031;2040->2040;2065->2065;2078->2078;2146->2146;2176->2176;2190->2190;2197->2197;2213->2213;2226->2226;2258->2258;2282->2282;2291->2291;2308->2308;2310->2310;2318->2318;2350->2350;2516->2516;2524->2524;2556->2556;2567->2567;2569->2569;2600->2600;2620->2621;2653->2653;2665->2665;2695->2695;2734->2734;2776->2776;2784->2784;2800->2800;2810->2810;2813->2813;2830->2830;2858->2859;2878->2879;2914->2914;2936->2936;2941->2941;2943->2943;2952->2952;2983->2983;2987->2987;2992->2993;3012->3012;3014->3015;3053->3053;3059->3059;3076->3076;3084->3084;3088->3088;3116->3116;3133->3133;3166->3166;3202->3202;3238->3238;3265->3265;3319->3319;3322->3322;3371->3371;3384->3384;3388->3388;3416->3416;3433->3433;3511->3511;3544->3544;3603->3603;3622->3622;3632->3632;3638->3638;3655->3655;3670->3670;3716->3716;3723->3723;3750->3750;3771->3771;3780->3780;3791->3791;3795->3795;3801->3801;3814->3814;3824->3824;3844->3844;3885->3885;3916->3916;3933->3933;3952->3952;4005->4005;4033->4033;4069->4070;4078->4078;4092->4092;4101->4101;4139->4139;4149->4149;4154->4154;4186->4186;4193->4193;4209->4209;4226->4226;4288->4288;4304->4305;4328->4328;4368->4368;4384->4384;4392->4392;4435->4435;4488->4488;4501->4501;4537->4537;4542->4543;4598->4598;4622->4622;4687->4687;4690->4690;4722->4722;4734->4734;4770->4770;4792->4792;4822->4822;4829->4829;4835->4835;4926->4926;4984->4984;4996->4996;5011->5011;5014->5014;5030->5031;5036->5036;5047->5047;5077->5077;5082->5082;5108->5108;5120->5120;5123->5123;5130->5130;5193->5193;5233->5233;5255->5256;5264->5264;5274->5274;5281->5281;5290->5290;5312->5312;5324->5324;5328->5328;5386->5386;5393->5393;5444->5444;5476->5476;5480->5480;5492->5492;5495->5495;5509->5509;5558->5558;5623->5624;5630->5630;5639->5639;5648->5648;5652->5652;5669->5669;5676->5676;5710->5710;5712->5712;5748->5748;5784->5784;5790->5790;5793->5793;5825->5825;5830->5830;5853->5853;5865->5865;5877->5877;5885->5885;5920->5920;5936->5936;5975->5975;5989->5989;5997->5997;6025->6025;6061->6061;6089->6089;6100->6100;6105->6105;6140->6140;6149->6149;6183->6183;6197->6197;6237->6237;6241->6242;6322->6322;6329->6329;6332->6332;6343->6343;6356->6356;6358->6358;6400->6400;6408->6408;6420->6420;6425->6425;6441->6441;6447->6447;6475->6475;6487->6487;6498->6498;6501->6502;6509->6509;6517->6517;6528->6528;6539->6539;6566->6566;6569->6570;6592->6592;6595->6595;6606->6606;6624->6624;6627->6627;6648->6648;6665->6665;6682->6682;6685->6685;6699->6699;6703->6703;6719->6719;6734->6734;6738->6738;6755->6755;6767->6767;6786->6786;6796->6796;6824->6824;6944->6944;6980->6980;6983->6983;7003->7003;7022->7022;7028->7028;7094->7094;7141->7141;7152->7152;7180->7180;7206->7206;7308->7308;7341->7341;7343->7343;7418->7418;7439->7439;7450->7450;7453->7453;7519->7519;7523->7523;7530->7530;7541->7541;7574->7574;7589->7589;7611->7611;7619->7619;7649->7649;7738->7738;7761->7761;7764->7764;7783->7783;7816->7816;7836->7836;7862->7862;7864->7864;7869->7869;7879->7879;7894->7894;7909->7909;7913->7913;7945->7945;8003->8003;8077->8077;8113->8113;8127->8127;8154->8154;8157->8157;8190->8190;8240->8240;8330->8330;8345->8345;8368->8368;8388->8388;8416->8416;8438->8438;8458->8458;8461->8461;8469->8469;8487->8487;8512->8512;8514->8514;8656->8656;8679->8679;8691->8691;8718->8718;8749->8749;8762->8762;8780->8780;8806->8806;8833->8833;8852->8852;8906->8906;8958->8958;8974->8974
train,Warehouse_000,1,Forklift,9,0->8999,0,8999,TRUE,1,8,2226->2226;2357->2357;2421->2421;2574->2574;2943->2943
train,Warehouse_000,6,PalletTruck,10,0->8999,0,8999,FALSE,0,10,None
train,Warehouse_001,0,Person,60,0->8999,0,8999,TRUE,52,8,153->154;182->182;209->209;212->212;223->223;283->283;332->332;343->343;351->351;358->358;392->392;415->415;418->418;423->423;429->429;435->435;448->448;473->473;478->480;487->487;489->489;499->499;501->501;509->509;515->515;533->533;542->542;547->547;557->557;574->574;578->578;585->585;587->587;595->595;616->616;621->621;631->631;639->639;651->651;665->665;670->670;699->699;720->720;737->737;748->748;753->753;755->755;781->781;786->786;807->807;812->812;851->851;865->866;892->892;900->900;918->918;921->921;924->924;1041->1041;1093->1093;1120->1120;1127->1127;1141->1141;1147->1147;1150->1150;1158->1158;1186->1186;1197->1197;1206->1206;1214->1214;1231->1232;1258->1258;1311->1311;1322->1322;1329->1329;1365->1365;1387->1387;1432->1432;1437->1437;1447->1447;1494->1494;1498->1498;1540->1540;1559->1559;1568->1568;1577->1577;1582->1582;1588->1588;1600->1600;1616->1617;1632->1633;1640->1640;1650->1650;1676->1676;1681->1681;1698->1698;1715->1715;1721->1723;1730->1730;1750->1750;1760->1760;1763->1764;1783->1783;1791->1791;1810->1810;1825->1825;1841->1841;1846->1846;1916->1916;1920->1920;1964->1964;1995->1995;1998->1998;2013->2013;2021->2021;2031->2031;2040->2040;2065->2065;2078->2078;2146->2146;2176->2176;2190->2190;2197->2197;2213->2213;2226->2226;2258->2258;2282->2282;2291->2291;2308->2308;2310->2310;2318->2318;2350->2350;2516->2516;2524->2524;2556->2556;2567->2567;2569->2569;2600->2600;2620->2621;2653->2653;2665->2665;2695->2695;2734->2734;2776->2776;2784->2784;2800->2800;2810->2810;2813->2813;2830->2830;2858->2859;2878->2879;2914->2914;2936->2936;2941->2941;2943->2943;2952->2952;2983->2983;2987->2987;2992->2993;3012->3012;3014->3015;3053->3053;3059->3059;3076->3076;3084->3084;3088->3088;3116->3116;3133->3133;3166->3166;3202->3202;3238->3238;3265->3265;3319->3319;3322->3322;3371->3371;3384->3384;3388->3388;3416->3416;3433->3433;3511->3511;3544->3544;3603->3603;3622->3622;3632->3632;3638->3638;3655->3655;3670->3670;3716->3716;3723->3723;3750->3750;3771->3771;3780->3780;3791->3791;3795->3795;3801->3801;3814->3814;3824->3824;3844->3844;3885->3885;3916->3916;3933->3933;3952->3952;4005->4005;4033->4033;4069->4070;4078->4078;4092->4092;4101->4101;4139->4139;4149->4149;4154->4154;4186->4186;4193->4193;4209->4209;4226->4226;4288->4288;4304->4305;4328->4328;4368->4368;4384->4384;4392->4392;4435->4435;4488->4488;4501->4501;4537->4537;4542->4543;4598->4598;4622->4622;4687->4687;4690->4690;4722->4722;4734->4734;4770->4770;4792->4792;4822->4822;4829->4829;4835->4835;4926->4926;4984->4984;4996->4996;5011->5011;5014->5014;5030->5031;5036->5036;5047->5047;5077->5077;5082->5082;5108->5108;5120->5120;5123->5123;5130->5130;5193->5193;5233->5233;5255->5256;5264->5264;5274->5274;5281->5281;5290->5290;5312->5312;5324->5324;5328->5328;5386->5386;5393->5393;5444->5444;5476->5476;5480->5480;5492->5492;5495->5495;5509->5509;5558->5558;5623->5624;5630->5630;5639->5639;5648->5648;5652->5652;5669->5669;5676->5676;5710->5710;5712->5712;5748->5748;5784->5784;5790->5790;5793->5793;5825->5825;5830->5830;5853->5853;5865->5865;5877->5877;5885->5885;5920->5920;5936->5936;5975->5975;5989->5989;5997->5997;6025->6025;6061->6061;6089->6089;6100->6100;6105->6105;6140->6140;6149->6149;6183->6183;6197->6197;6237->6237;6241->6242;6322->6322;6329->6329;6332->6332;6343->6343;6356->6356;6358->6358;6400->6400;6408->6408;6420->6420;6425->6425;6441->6441;6447->6447;6475->6475;6487->6487;6498->6498;6501->6502;6509->6509;6517->6517;6528->6528;6539->6539;6566->6566;6569->6570;6592->6592;6595->6595;6606->6606;6624->6624;6627->6627;6648->6648;6665->6665;6682->6682;6685->6685;6699->6699;6703->6703;6719->6719;6734->6734;6738->6738;6755->6755;6767->6767;6786->6786;6796->6796;6824->6824;6944->6944;6980->6980;6983->6983;7003->7003;7022->7022;7028->7028;7094->7094;7141->7141;7152->7152;7180->7180;7206->7206;7308->7308;7341->7341;7343->7343;7418->7418;7439->7439;7450->7450;7453->7453;7519->7519;7523->7523;7530->7530;7541->7541;7574->7574;7589->7589;7611->7611;7619->7619;7649->7649;7738->7738;7761->7761;7764->7764;7783->7783;7816->7816;7836->7836;7862->7862;7864->7864;7869->7869;7879->7879;7894->7894;7909->7909;7913->7913;7945->7945;8003->8003;8077->8077;8113->8113;8127->8127;8154->8154;8157->8157;8190->8190;8240->8240;8330->8330;8345->8345;8368->8368;8388->8388;8416->8416;8438->8438;8458->8458;8461->8461;8469->8469;8487->8487;8512->8512;8514->8514;8656->8656;8679->8679;8691->8691;8718->8718;8749->8749;8762->8762;8780->8780;8806->8806;8833->8833;8852->8852;8906->8906;8958->8958;8974->8974
train,Warehouse_001,1,Forklift,9,0->8999,0,8999,TRUE,1,8,2226->2226;2357->2357;2421->2421;2574->2574;2943->2943
train,Warehouse_001,6,PalletTruck,10,0->8999,0,8999,FALSE,0,10,None
train,Warehouse_002,0,Person,60,0->8999,0,8999,TRUE,53,7,146->146;154->154;159->159;268->268;282->282;292->292;389->389;392->392;432->432;489->489;579->579;584->584;602->602;698->699;710->710;713->713;738->738;754->755;758->758;782->782;785->785;839->839;858->858;864->864;866->866;899->900;942->942;976->976;989->989;991->991;993->993;999->999;1024->1024;1041->1041;1052->1052;1089->1089;1123->1123;1133->1133;1137->1137;1146->1146;1155->1156;1161->1161;1169->1169;1192->1192;1223->1223;1249->1249;1259->1259;1263->1263;1312->1312;1336->1336;1369->1369;1384->1384;1399->1399;1423->1423;1433->1433;1444->1444;1458->1458;1469->1469;1482->1482;1486->1486;1500->1500;1516->1516;1518->1518;1530->1530;1543->1543;1548->1548;1575->1575;1721->1721;1780->1780;1815->1815;1827->1827;1844->1844;1860->1860;1882->1882;1908->1908;1920->1920;1931->1931;1934->1934;1974->1974;2038->2038;2041->2041;2063->2063;2069->2069;2092->2092;2100->2100;2151->2151;2157->2157;2190->2190;2230->2230;2240->2240;2242->2242;2330->2330;2344->2344;2347->2347;2350->2350;2382->2382;2429->2429;2438->2438;2456->2456;2466->2466;2523->2523;2544->2544;2549->2549;2581->2581;2585->2585;2588->2588;2613->2613;2618->2618;2623->2623;2670->2670;2684->2684;2691->2691;2695->2695;2716->2716;2729->2731;2829->2829;2887->2887;2896->2896;2931->2931;2944->2944;2955->2955;3035->3035;3043->3043;3062->3062;3067->3067;3078->3078;3083->3083;3086->3086;3090->3090;3097->3097;3107->3107;3123->3123;3193->3193;3195->3195;3275->3275;3288->3288;3306->3306;3316->3316;3350->3350;3388->3388;3404->3404;3422->3422;3427->3427;3435->3435;3445->3445;3456->3456;3462->3462;3479->3479;3497->3497;3538->3538;3542->3542;3554->3554;3586->3586;3593->3593;3619->3619;3691->3691;3697->3697;3700->3700;3746->3746;3813->3813;3825->3825;3872->3872;3874->3874;3887->3887;3906->3906;3945->3945;4020->4020;4036->4036;4050->4050;4065->4065;4078->4078;4082->4082;4095->4095;4110->4110;4139->4139;4143->4143;4165->4165;4183->4183;4204->4204;4217->4217;4229->4229;4244->4244;4254->4254;4276->4276;4351->4351;4427->4427;4440->4440;4475->4475;4505->4505;4513->4513;4528->4528;4535->4536;4559->4559;4568->4568;4578->4578;4611->4612;4631->4631;4635->4635;4645->4645;4655->4655;4663->4663;4692->4692;4695->4695;4699->4699;4774->4774;4785->4785;4787->4787;4803->4803;4810->4810;4868->4868;4890->4890;4910->4910;4943->4943;4994->4994;5054->5055;5082->5082;5090->5091;5098->5098;5107->5107;5134->5134;5150->5150;5172->5172;5212->5212;5215->5215;5228->5229;5261->5261;5298->5298;5304->5304;5314->5314;5320->5320;5324->5324;5340->5340;5344->5344;5346->5346;5367->5367;5428->5428;5432->5432;5451->5451;5495->5495;5509->5509;5525->5525;5559->5559;5579->5579;5732->5732;5749->5749;5771->5771;5775->5775;5789->5789;5813->5813;5829->5829;5859->5859;5874->5874;5909->5909;5930->5930;5945->5945;6027->6027;6039->6039;6092->6092;6099->6099;6111->6111;6117->6117;6119->6119;6148->6148;6173->6173;6179->6179;6211->6211;6214->6214;6240->6240;6243->6243;6261->6261;6266->6266;6284->6284;6295->6295;6297->6297;6313->6313;6319->6319;6362->6362;6445->6445;6451->6451;6480->6480;6492->6492;6635->6635;6656->6656;6691->6691;6702->6702;6723->6723;6755->6755;6762->6763;6772->6772;6783->6783;6788->6788;6796->6796;6809->6809;6818->6818;6926->6926;7011->7011;7020->7020;7091->7091;7103->7103;7112->7112;7128->7128;7153->7153;7232->7232;7270->7270;7309->7309;7321->7321;7330->7330;7364->7364;7382->7382;7402->7402;7431->7431;7436->7437;7444->7444;7446->7446;7464->7464;7470->7470;7487->7487;7539->7539;7610->7610;7637->7637;7648->7648;7708->7708;7725->7725;7757->7757;7770->7770;7795->7795;7804->7804;7836->7836;7843->7843;7851->7851;7870->7870;7875->7875;7882->7882;7890->7890;7899->7899;7904->7904;7912->7912;7921->7921;7929->7929;7940->7940;7948->7948;7966->7966;7992->7992;8023->8023;8040->8040;8059->8059;8113->8113;8132->8132;8149->8149;8163->8163;8165->8165;8176->8176;8184->8184;8191->8191;8216->8216;8220->8220;8237->8238;8242->8242;8262->8262;8291->8291;8321->8321;8329->8329;8364->8364;8366->8366;8391->8391;8407->8407;8449->8449;8508->8508;8537->8537;8547->8547;8553->8553;8559->8559;8572->8572;8579->8580;8597->8597;8632->8632;8649->8649;8651->8651;8658->8658;8664->8664;8673->8674;8698->8698;8700->8700;8725->8725;8781->8781;8786->8786;8815->8815;8840->8840;8853->8853;8906->8906
train,Warehouse_002,1,Forklift,9,0->8999,0,8999,TRUE,4,5,261->261;389->389;1026->1026;1654->1654;1724->1724;1735->1735;1928->1928;1931->1931;2154->2154;2555->2555;3808->3808;4050->4050;4507->4507;4763->4763;4928->4928;5526->5526;5555->5555;6665->6665;7774->7774;7787->7787;7928->7928;8555->8555
train,Warehouse_002,6,PalletTruck,9,0->8999,0,8999,FALSE,0,9,None
train,Warehouse_003,0,Person,60,0->8999,0,8999,TRUE,53,7,146->146;154->154;159->159;268->268;282->282;292->292;389->389;392->392;432->432;489->489;579->579;584->584;602->602;698->699;710->710;713->713;738->738;754->755;758->758;782->782;785->785;839->839;858->858;864->864;866->866;899->900;942->942;976->976;989->989;991->991;993->993;999->999;1024->1024;1041->1041;1052->1052;1089->1089;1123->1123;1133->1133;1137->1137;1146->1146;1155->1156;1161->1161;1169->1169;1192->1192;1223->1223;1249->1249;1259->1259;1263->1263;1312->1312;1336->1336;1369->1369;1384->1384;1399->1399;1423->1423;1433->1433;1444->1444;1458->1458;1469->1469;1482->1482;1486->1486;1500->1500;1516->1516;1518->1518;1530->1530;1543->1543;1548->1548;1575->1575;1721->1721;1780->1780;1815->1815;1827->1827;1844->1844;1860->1860;1882->1882;1908->1908;1920->1920;1931->1931;1934->1934;1974->1974;2038->2038;2041->2041;2063->2063;2069->2069;2092->2092;2100->2100;2151->2151;2157->2157;2190->2190;2230->2230;2240->2240;2242->2242;2330->2330;2344->2344;2347->2347;2350->2350;2382->2382;2429->2429;2438->2438;2456->2456;2466->2466;2523->2523;2544->2544;2549->2549;2581->2581;2585->2585;2588->2588;2613->2613;2618->2618;2623->2623;2670->2670;2684->2684;2691->2691;2695->2695;2716->2716;2729->2731;2829->2829;2887->2887;2896->2896;2931->2931;2944->2944;2955->2955;3035->3035;3043->3043;3062->3062;3067->3067;3078->3078;3083->3083;3086->3086;3090->3090;3097->3097;3107->3107;3123->3123;3193->3193;3195->3195;3275->3275;3288->3288;3306->3306;3316->3316;3350->3350;3388->3388;3404->3404;3422->3422;3427->3427;3435->3435;3445->3445;3456->3456;3462->3462;3479->3479;3497->3497;3538->3538;3542->3542;3554->3554;3586->3586;3593->3593;3619->3619;3691->3691;3697->3697;3700->3700;3746->3746;3813->3813;3825->3825;3872->3872;3874->3874;3887->3887;3906->3906;3945->3945;4020->4020;4036->4036;4050->4050;4065->4065;4078->4078;4082->4082;4095->4095;4110->4110;4139->4139;4143->4143;4165->4165;4183->4183;4204->4204;4217->4217;4229->4229;4244->4244;4254->4254;4276->4276;4351->4351;4427->4427;4440->4440;4475->4475;4505->4505;4513->4513;4528->4528;4535->4536;4559->4559;4568->4568;4578->4578;4611->4612;4631->4631;4635->4635;4645->4645;4655->4655;4663->4663;4692->4692;4695->4695;4699->4699;4774->4774;4785->4785;4787->4787;4803->4803;4810->4810;4868->4868;4890->4890;4910->4910;4943->4943;4994->4994;5054->5055;5082->5082;5090->5091;5098->5098;5107->5107;5134->5134;5150->5150;5172->5172;5212->5212;5215->5215;5228->5229;5261->5261;5298->5298;5304->5304;5314->5314;5320->5320;5324->5324;5340->5340;5344->5344;5346->5346;5367->5367;5428->5428;5432->5432;5451->5451;5495->5495;5509->5509;5525->5525;5559->5559;5579->5579;5732->5732;5749->5749;5771->5771;5775->5775;5789->5789;5813->5813;5829->5829;5859->5859;5874->5874;5909->5909;5930->5930;5945->5945;6027->6027;6039->6039;6092->6092;6099->6099;6111->6111;6117->6117;6119->6119;6148->6148;6173->6173;6179->6179;6211->6211;6214->6214;6240->6240;6243->6243;6261->6261;6266->6266;6284->6284;6295->6295;6297->6297;6313->6313;6319->6319;6362->6362;6445->6445;6451->6451;6480->6480;6492->6492;6635->6635;6656->6656;6691->6691;6702->6702;6723->6723;6755->6755;6762->6763;6772->6772;6783->6783;6788->6788;6796->6796;6809->6809;6818->6818;6926->6926;7011->7011;7020->7020;7091->7091;7103->7103;7112->7112;7128->7128;7153->7153;7232->7232;7270->7270;7309->7309;7321->7321;7330->7330;7364->7364;7382->7382;7402->7402;7431->7431;7436->7437;7444->7444;7446->7446;7464->7464;7470->7470;7487->7487;7539->7539;7610->7610;7637->7637;7648->7648;7708->7708;7725->7725;7757->7757;7770->7770;7795->7795;7804->7804;7836->7836;7843->7843;7851->7851;7870->7870;7875->7875;7882->7882;7890->7890;7899->7899;7904->7904;7912->7912;7921->7921;7929->7929;7940->7940;7948->7948;7966->7966;7992->7992;8023->8023;8040->8040;8059->8059;8113->8113;8132->8132;8149->8149;8163->8163;8165->8165;8176->8176;8184->8184;8191->8191;8216->8216;8220->8220;8237->8238;8242->8242;8262->8262;8291->8291;8321->8321;8329->8329;8364->8364;8366->8366;8391->8391;8407->8407;8449->8449;8508->8508;8537->8537;8547->8547;8553->8553;8559->8559;8572->8572;8579->8580;8597->8597;8632->8632;8649->8649;8651->8651;8658->8658;8664->8664;8673->8674;8698->8698;8700->8700;8725->8725;8781->8781;8786->8786;8815->8815;8840->8840;8853->8853;8906->8906
train,Warehouse_003,1,Forklift,9,0->8999,0,8999,TRUE,4,5,261->261;389->389;1026->1026;1654->1654;1724->1724;1735->1735;1928->1928;1931->1931;2154->2154;2555->2555;3808->3808;4050->4050;4507->4507;4763->4763;4928->4928;5526->5526;5555->5555;6665->6665;7774->7774;7787->7787;7928->7928;8555->8555
train,Warehouse_003,6,PalletTruck,9,0->8999,0,8999,FALSE,0,9,None
train,Warehouse_004,0,Person,60,0->8999,0,8999,TRUE,57,3,97->97;107->107;125->125;148->149;154->154;163->163;176->176;213->213;220->220;241->241;256->256;268->268;309->309;319->319;332->332;348->348;360->360;392->392;404->404;412->412;417->419;422->422;447->447;453->453;460->460;475->477;489->490;497->497;500->500;507->507;522->522;536->536;554->554;562->562;583->584;600->600;602->602;610->610;619->619;629->629;640->640;699->699;723->723;740->740;754->756;771->771;775->775;790->790;802->802;817->817;831->831;838->838;840->841;864->864;885->885;900->901;925->925;937->937;943->943;955->955;971->971;1001->1001;1036->1036;1041->1041;1044->1044;1047->1047;1060->1060;1079->1080;1090->1090;1153->1153;1193->1193;1229->1229;1259->1259;1272->1272;1292->1292;1306->1306;1312->1312;1314->1314;1327->1327;1341->1342;1344->1344;1347->1347;1357->1357;1362->1362;1374->1374;1379->1380;1389->1389;1403->1403;1444->1444;1460->1460;1471->1471;1479->1479;1552->1552;1579->1579;1595->1595;1602->1602;1610->1610;1658->1660;1670->1670;1678->1678;1716->1716;1728->1729;1738->1738;1741->1742;1773->1773;1795->1795;1807->1807;1809->1809;1838->1838;1849->1850;1852->1853;1871->1871;1876->1876;1886->1886;1911->1911;1913->1913;1915->1915;1920->1920;1934->1934;1946->1947;1952->1952;1954->1954;1958->1958;1977->1977;1999->1999;2017->2017;2022->2022;2025->2025;2040->2041;2043->2043;2059->2059;2091->2091;2109->2109;2117->2117;2119->2119;2134->2134;2162->2162;2171->2171;2182->2183;2186->2186;2204->2204;2243->2243;2248->2248;2264->2264;2267->2267;2280->2280;2286->2287;2302->2303;2309->2309;2313->2313;2332->2332;2350->2350;2391->2391;2393->2393;2399->2399;2409->2409;2434->2434;2460->2460;2462->2462;2471->2471;2487->2487;2498->2498;2510->2510;2514->2514;2571->2571;2576->2576;2589->2589;2613->2613;2622->2622;2634->2634;2638->2638;2666->2666;2678->2678;2724->2724;2726->2726;2729->2729;2741->2741;2743->2743;2764->2765;2775->2775;2782->2782;2818->2818;2828->2828;2830->2830;2837->2837;2850->2850;2863->2863;2875->2876;2888->2888;2916->2916;2923->2923;2936->2936;2947->2947;2954->2954;2996->2996;3003->3003;3034->3034;3047->3047;3075->3075;3077->3077;3128->3128;3133->3133;3174->3174;3185->3185;3200->3200;3209->3210;3213->3213;3222->3222;3226->3226;3232->3232;3240->3240;3256->3256;3267->3267;3275->3275;3280->3280;3285->3285;3309->3310;3369->3369;3392->3393;3402->3402;3417->3417;3423->3423;3459->3459;3465->3465;3483->3483;3496->3496;3521->3521;3524->3524;3530->3530;3535->3535;3539->3539;3552->3552;3555->3555;3565->3565;3568->3569;3583->3583;3588->3588;3598->3598;3601->3602;3604->3604;3606->3607;3617->3617;3629->3629;3643->3643;3647->3648;3676->3676;3681->3682;3692->3692;3709->3710;3719->3719;3722->3722;3731->3731;3744->3745;3770->3770;3805->3805;3816->3816;3835->3835;3846->3846;3852->3852;3873->3873;3960->3960;3977->3977;4045->4045;4052->4052;4065->4065;4073->4073;4077->4077;4089->4089;4102->4102;4108->4108;4116->4116;4120->4120;4140->4140;4159->4159;4171->4171;4179->4179;4185->4185;4209->4209;4211->4211;4218->4218;4224->4225;4230->4231;4233->4234;4241->4241;4249->4249;4257->4258;4286->4286;4289->4289;4292->4293;4298->4298;4303->4303;4326->4326;4358->4358;4360->4360;4363->4363;4370->4370;4409->4409;4425->4425;4444->4444;4458->4458;4463->4463;4472->4472;4489->4489;4511->4511;4517->4517;4538->4538;4549->4549;4552->4552;4557->4557;4573->4573;4575->4575;4598->4598;4607->4608;4612->4612;4622->4622;4644->4644;4661->4661;4678->4678;4693->4693;4695->4695;4707->4708;4768->4768;4779->4779;4781->4781;4792->4793;4802->4802;4812->4812;4823->4823;4841->4841;4850->4850;4881->4881;4888->4888;4910->4910;4933->4933;4971->4971;5004->5004;5014->5014;5021->5021;5028->5028;5054->5054;5062->5062;5088->5089;5093->5093;5114->5114;5116->5116;5122->5122;5130->5130;5183->5183;5193->5193;5203->5203;5228->5228;5245->5245;5258->5258;5270->5270;5277->5277;5280->5280;5283->5283;5293->5294;5303->5303;5310->5311;5315->5315;5319->5319;5321->5321;5330->5330;5336->5336;5348->5348;5350->5350;5358->5358;5379->5379;5401->5401;5440->5440;5451->5451;5458->5458;5471->5471;5477->5477;5511->5511;5539->5539;5554->5554;5572->5572;5575->5575;5583->5583;5624->5625;5666->5666;5677->5677;5685->5685;5701->5701;5705->5705;5710->5710;5725->5725;5745->5746;5754->5754;5762->5762;5765->5765;5776->5776;5812->5812;5851->5851;5872->5872;5884->5884;5891->5891;5893->5894;5897->5898;5901->5901;5904->5904;5933->5933;5957->5957;5971->5971;5982->5982;5991->5992;5995->5995;5997->5997;5999->5999;6037->6037;6062->6062;6067->6067;6070->6070;6087->6087;6090->6090;6188->6188;6227->6227;6231->6231;6237->6237;6274->6274;6305->6305;6330->6330;6340->6340;6342->6342;6361->6361;6432->6432;6434->6434;6451->6452;6475->6475;6523->6523;6555->6556;6563->6563;6569->6569;6580->6580;6589->6589;6597->6597;6603->6603;6609->6609;6622->6622;6630->6630;6672->6672;6691->6691;6701->6701;6743->6743;6752->6752;6779->6779;6806->6806;6813->6813;6825->6825;6830->6830;6837->6837;6865->6865;6877->6877;6897->6898;6921->6921;6931->6931;6992->6992;6998->6999;7007->7007;7014->7014;7025->7025;7037->7037;7044->7044;7064->7065;7068->7068;7091->7091;7094->7095;7118->7118;7134->7134;7139->7139;7143->7144;7156->7156;7189->7189;7203->7203;7221->7221;7224->7224;7253->7253;7296->7296;7311->7311;7326->7326;7351->7351;7383->7383;7399->7399;7401->7401;7433->7433;7438->7438;7440->7440;7449->7449;7455->7455;7464->7464;7472->7472;7488->7488;7526->7526;7530->7530;7537->7537;7541->7541;7545->7546;7550->7550;7552->7552;7565->7565;7577->7577;7615->7616;7636->7638;7653->7653;7678->7678;7712->7712;7728->7728;7750->7750;7763->7763;7780->7780;7789->7789;7798->7798;7811->7811;7824->7825;7830->7830;7856->7856;7873->7873;7913->7913;7922->7922;7927->7927;7930->7930;7958->7958;8005->8005;8050->8050;8069->8069;8100->8100;8129->8129;8136->8136;8143->8143;8165->8165;8188->8188;8206->8206;8214->8214;8224->8224;8233->8233;8242->8242;8257->8257;8269->8269;8274->8274;8314->8314;8354->8354;8361->8362;8371->8371;8373->8373;8375->8375;8379->8379;8408->8408;8433->8433;8441->8441;8460->8460;8467->8467;8474->8474;8477->8477;8570->8570;8596->8596;8601->8601;8612->8612;8615->8615;8638->8638;8653->8653;8659->8659;8690->8690;8699->8699;8708->8708;8841->8841;8847->8847;8884->8884;8909->8909;8922->8922;8935->8935;8961->8961;8991->8991
train,Warehouse_004,1,Forklift,9,0->8999,0,8999,TRUE,3,6,312->312;1397->1397;1947->1947;2484->2484;2495->2495;2666->2666;2676->2676;2858->2858;3639->3639;3857->3857;4171->4171;4410->4410;4787->4787;4812->4812;4947->4947;7358->7358;7397->7397;7947->7947
train,Warehouse_004,6,PalletTruck,10,0->8999,0,8999,FALSE,0,10,None
train,Warehouse_005,0,Person,60,0->8999,0,8999,TRUE,57,3,97->97;107->107;125->125;148->149;154->154;163->163;176->176;213->213;220->220;241->241;256->256;268->268;309->309;319->319;332->332;348->348;360->360;392->392;404->404;412->412;417->419;422->422;447->447;453->453;460->460;475->477;489->490;497->497;500->500;507->507;522->522;536->536;554->554;562->562;583->584;600->600;602->602;610->610;619->619;629->629;640->640;699->699;723->723;740->740;754->756;771->771;775->775;790->790;802->802;817->817;831->831;838->838;840->841;864->864;885->885;900->901;925->925;937->937;943->943;955->955;971->971;1001->1001;1036->1036;1041->1041;1044->1044;1047->1047;1060->1060;1079->1080;1090->1090;1153->1153;1193->1193;1229->1229;1259->1259;1272->1272;1292->1292;1306->1306;1312->1312;1314->1314;1327->1327;1341->1342;1344->1344;1347->1347;1357->1357;1362->1362;1374->1374;1379->1380;1389->1389;1403->1403;1444->1444;1460->1460;1471->1471;1479->1479;1552->1552;1579->1579;1595->1595;1602->1602;1610->1610;1658->1660;1670->1670;1678->1678;1716->1716;1728->1729;1738->1738;1741->1742;1773->1773;1795->1795;1807->1807;1809->1809;1838->1838;1849->1850;1852->1853;1871->1871;1876->1876;1886->1886;1911->1911;1913->1913;1915->1915;1920->1920;1934->1934;1946->1947;1952->1952;1954->1954;1958->1958;1977->1977;1999->1999;2017->2017;2022->2022;2025->2025;2040->2041;2043->2043;2059->2059;2091->2091;2109->2109;2117->2117;2119->2119;2134->2134;2162->2162;2171->2171;2182->2183;2186->2186;2204->2204;2243->2243;2248->2248;2264->2264;2267->2267;2280->2280;2286->2287;2302->2303;2309->2309;2313->2313;2332->2332;2350->2350;2391->2391;2393->2393;2399->2399;2409->2409;2434->2434;2460->2460;2462->2462;2471->2471;2487->2487;2498->2498;2510->2510;2514->2514;2571->2571;2576->2576;2589->2589;2613->2613;2622->2622;2634->2634;2638->2638;2666->2666;2678->2678;2724->2724;2726->2726;2729->2729;2741->2741;2743->2743;2764->2765;2775->2775;2782->2782;2818->2818;2828->2828;2830->2830;2837->2837;2850->2850;2863->2863;2875->2876;2888->2888;2916->2916;2923->2923;2936->2936;2947->2947;2954->2954;2996->2996;3003->3003;3034->3034;3047->3047;3075->3075;3077->3077;3128->3128;3133->3133;3174->3174;3185->3185;3200->3200;3209->3210;3213->3213;3222->3222;3226->3226;3232->3232;3240->3240;3256->3256;3267->3267;3275->3275;3280->3280;3285->3285;3309->3310;3369->3369;3392->3393;3402->3402;3417->3417;3423->3423;3459->3459;3465->3465;3483->3483;3496->3496;3521->3521;3524->3524;3530->3530;3535->3535;3539->3539;3552->3552;3555->3555;3565->3565;3568->3569;3583->3583;3588->3588;3598->3598;3601->3602;3604->3604;3606->3607;3617->3617;3629->3629;3643->3643;3647->3648;3676->3676;3681->3682;3692->3692;3709->3710;3719->3719;3722->3722;3731->3731;3744->3745;3770->3770;3805->3805;3816->3816;3835->3835;3846->3846;3852->3852;3873->3873;3960->3960;3977->3977;4045->4045;4052->4052;4065->4065;4073->4073;4077->4077;4089->4089;4102->4102;4108->4108;4116->4116;4120->4120;4140->4140;4159->4159;4171->4171;4179->4179;4185->4185;4209->4209;4211->4211;4218->4218;4224->4225;4230->4231;4233->4234;4241->4241;4249->4249;4257->4258;4286->4286;4289->4289;4292->4293;4298->4298;4303->4303;4326->4326;4358->4358;4360->4360;4363->4363;4370->4370;4409->4409;4425->4425;4444->4444;4458->4458;4463->4463;4472->4472;4489->4489;4511->4511;4517->4517;4538->4538;4549->4549;4552->4552;4557->4557;4573->4573;4575->4575;4598->4598;4607->4608;4612->4612;4622->4622;4644->4644;4661->4661;4678->4678;4693->4693;4695->4695;4707->4708;4768->4768;4779->4779;4781->4781;4792->4793;4802->4802;4812->4812;4823->4823;4841->4841;4850->4850;4881->4881;4888->4888;4910->4910;4933->4933;4971->4971;5004->5004;5014->5014;5021->5021;5028->5028;5054->5054;5062->5062;5088->5089;5093->5093;5114->5114;5116->5116;5122->5122;5130->5130;5183->5183;5193->5193;5203->5203;5228->5228;5245->5245;5258->5258;5270->5270;5277->5277;5280->5280;5283->5283;5293->5294;5303->5303;5310->5311;5315->5315;5319->5319;5321->5321;5330->5330;5336->5336;5348->5348;5350->5350;5358->5358;5379->5379;5401->5401;5440->5440;5451->5451;5458->5458;5471->5471;5477->5477;5511->5511;5539->5539;5554->5554;5572->5572;5575->5575;5583->5583;5624->5625;5666->5666;5677->5677;5685->5685;5701->5701;5705->5705;5710->5710;5725->5725;5745->5746;5754->5754;5762->5762;5765->5765;5776->5776;5812->5812;5851->5851;5872->5872;5884->5884;5891->5891;5893->5894;5897->5898;5901->5901;5904->5904;5933->5933;5957->5957;5971->5971;5982->5982;5991->5992;5995->5995;5997->5997;5999->5999;6037->6037;6062->6062;6067->6067;6070->6070;6087->6087;6090->6090;6188->6188;6227->6227;6231->6231;6237->6237;6274->6274;6305->6305;6330->6330;6340->6340;6342->6342;6361->6361;6432->6432;6434->6434;6451->6452;6475->6475;6523->6523;6555->6556;6563->6563;6569->6569;6580->6580;6589->6589;6597->6597;6603->6603;6609->6609;6622->6622;6630->6630;6672->6672;6691->6691;6701->6701;6743->6743;6752->6752;6779->6779;6806->6806;6813->6813;6825->6825;6830->6830;6837->6837;6865->6865;6877->6877;6897->6898;6921->6921;6931->6931;6992->6992;6998->6999;7007->7007;7014->7014;7025->7025;7037->7037;7044->7044;7064->7065;7068->7068;7091->7091;7094->7095;7118->7118;7134->7134;7139->7139;7143->7144;7156->7156;7189->7189;7203->7203;7221->7221;7224->7224;7253->7253;7296->7296;7311->7311;7326->7326;7351->7351;7383->7383;7399->7399;7401->7401;7433->7433;7438->7438;7440->7440;7449->7449;7455->7455;7464->7464;7472->7472;7488->7488;7526->7526;7530->7530;7537->7537;7541->7541;7545->7546;7550->7550;7552->7552;7565->7565;7577->7577;7615->7616;7636->7638;7653->7653;7678->7678;7712->7712;7728->7728;7750->7750;7763->7763;7780->7780;7789->7789;7798->7798;7811->7811;7824->7825;7830->7830;7856->7856;7873->7873;7913->7913;7922->7922;7927->7927;7930->7930;7958->7958;8005->8005;8050->8050;8069->8069;8100->8100;8129->8129;8136->8136;8143->8143;8165->8165;8188->8188;8206->8206;8214->8214;8224->8224;8233->8233;8242->8242;8257->8257;8269->8269;8274->8274;8314->8314;8354->8354;8361->8362;8371->8371;8373->8373;8375->8375;8379->8379;8408->8408;8433->8433;8441->8441;8460->8460;8467->8467;8474->8474;8477->8477;8570->8570;8596->8596;8601->8601;8612->8612;8615->8615;8638->8638;8653->8653;8659->8659;8690->8690;8699->8699;8708->8708;8841->8841;8847->8847;8884->8884;8909->8909;8922->8922;8935->8935;8961->8961;8991->8991
train,Warehouse_005,1,Forklift,9,0->8999,0,8999,TRUE,3,6,312->312;1397->1397;1947->1947;2484->2484;2495->2495;2666->2666;2676->2676;2858->2858;3639->3639;3857->3857;4171->4171;4410->4410;4787->4787;4812->4812;4947->4947;7358->7358;7397->7397;7947->7947
train,Warehouse_005,6,PalletTruck,10,0->8999,0,8999,FALSE,0,10,None
train,Warehouse_006,0,Person,52,0->8999,0,8999,TRUE,48,4,18->18;33->33;36->36;73->73;87->87;122->122;150->150;152->152;165->165;181->181;198->198;210->210;247->247;259->259;283->283;313->313;330->330;332->332;421->421;423->423;428->428;439->439;441->441;459->459;463->463;466->466;487->487;489->489;500->500;526->526;538->538;541->541;546->546;557->557;586->586;676->676;679->679;693->693;699->699;723->723;733->733;738->738;742->742;762->762;786->786;833->833;835->835;897->897;900->900;916->916;921->921;925->925;938->938;940->940;947->947;951->951;981->981;1005->1005;1010->1010;1013->1013;1039->1039;1041->1041;1055->1055;1057->1057;1063->1063;1073->1073;1076->1076;1098->1098;1118->1118;1121->1121;1138->1138;1144->1144;1151->1151;1155->1155;1166->1166;1170->1170;1186->1186;1202->1202;1214->1214;1222->1222;1231->1231;1242->1242;1296->1297;1312->1312;1316->1317;1326->1326;1336->1336;1352->1352;1361->1362;1367->1367;1382->1382;1395->1395;1398->1398;1403->1403;1407->1408;1427->1427;1441->1441;1450->1450;1455->1455;1470->1470;1512->1512;1515->1515;1517->1517;1541->1541;1545->1545;1548->1549;1552->1552;1554->1555;1578->1578;1588->1589;1603->1603;1609->1609;1615->1616;1623->1623;1629->1629;1634->1634;1657->1657;1662->1662;1684->1684;1725->1726;1752->1752;1755->1755;1761->1761;1792->1792;1801->1801;1805->1805;1822->1822;1824->1824;1827->1827;1839->1839;1844->1844;1855->1855;1888->1888;1892->1892;1925->1925;1959->1959;1970->1970;1978->1978;1987->1987;2002->2002;2042->2042;2056->2056;2064->2064;2071->2071;2076->2077;2090->2090;2101->2101;2110->2110;2117->2117;2228->2228;2242->2242;2264->2264;2326->2326;2331->2331;2350->2351;2367->2367;2378->2378;2383->2383;2400->2400;2417->2417;2420->2420;2428->2428;2431->2432;2440->2440;2451->2451;2453->2453;2464->2464;2476->2476;2503->2503;2507->2507;2512->2512;2521->2521;2530->2530;2548->2548;2580->2580;2612->2612;2660->2660;2683->2683;2694->2694;2702->2702;2713->2713;2740->2740;2746->2746;2762->2762;2779->2779;2787->2787;2819->2819;2822->2822;2826->2826;2838->2838;2856->2856;2859->2859;2882->2882;2899->2899;2914->2914;2918->2918;2955->2955;2974->2974;2990->2990;2998->2998;3007->3007;3091->3092;3128->3128;3133->3133;3164->3164;3221->3221;3227->3227;3273->3273;3277->3277;3285->3285;3289->3289;3309->3309;3324->3325;3351->3351;3359->3359;3366->3366;3369->3369;3372->3372;3381->3382;3419->3419;3438->3438;3450->3450;3467->3467;3473->3473;3542->3542;3550->3550;3555->3555;3596->3596;3603->3603;3607->3607;3631->3631;3637->3637;3673->3673;3683->3683;3688->3688;3744->3744;3774->3774;3792->3792;3814->3814;3845->3845;3847->3847;3869->3869;3937->3938;3941->3941;3951->3951;3986->3986;4028->4028;4032->4033;4041->4041;4096->4096;4126->4126;4137->4137;4154->4154;4159->4159;4184->4184;4191->4191;4199->4199;4205->4205;4212->4212;4229->4229;4235->4235;4250->4250;4256->4256;4259->4259;4262->4262;4270->4270;4294->4294;4298->4298;4347->4347;4365->4365;4367->4367;4380->4380;4408->4408;4410->4410;4415->4415;4417->4417;4446->4446;4452->4452;4474->4474;4487->4487;4494->4494;4508->4508;4514->4514;4517->4517;4524->4524;4552->4552;4554->4554;4557->4557;4561->4561;4564->4564;4570->4570;4580->4580;4590->4590;4601->4601;4604->4604;4612->4612;4623->4623;4639->4639;4651->4652;4663->4663;4668->4668;4684->4684;4693->4693;4703->4703;4706->4706;4724->4724;4727->4727;4731->4731;4737->4737;4739->4739;4744->4744;4747->4747;4762->4762;4767->4768;4791->4791;4794->4795;4798->4798;4840->4840;4842->4842;4853->4853;4856->4856;4867->4867;4871->4871;4884->4884;4887->4887;4908->4908;4914->4914;4921->4921;4931->4931;4943->4943;4946->4946;4952->4952;4971->4971;4974->4974;4981->4981;4983->4983;5001->5001;5027->5027;5039->5039;5041->5041;5051->5051;5078->5078;5086->5086;5094->5094;5106->5107;5114->5114;5123->5123;5136->5136;5140->5140;5149->5149;5155->5155;5169->5170;5173->5173;5199->5199;5204->5204;5207->5207;5211->5211;5213->5213;5225->5225;5248->5248;5265->5265;5269->5270;5279->5279;5308->5308;5314->5314;5334->5334;5340->5340;5351->5351;5383->5383;5399->5399;5409->5409;5421->5421;5423->5423;5441->5441;5476->5476;5490->5490;5502->5502;5514->5514;5532->5532;5537->5537;5573->5573;5589->5589;5608->5608;5613->5613;5626->5626;5664->5664;5669->5669;5684->5684;5713->5713;5723->5723;5726->5726;5747->5747;5749->5749;5757->5757;5774->5774;5779->5779;5788->5789;5796->5796;5798->5798;5815->5815;5820->5820;5831->5831;5838->5838;5850->5850;5857->5857;5875->5875;5888->5888;5893->5893;5903->5903;5905->5905;5910->5910;5920->5920;5935->5935;5948->5948;5953->5953;5982->5982;5986->5986;5995->5995;5999->5999;6028->6029;6031->6031;6038->6038;6051->6051;6059->6060;6077->6077;6098->6098;6102->6102;6112->6112;6150->6151;6163->6163;6171->6171;6175->6175;6208->6208;6211->6211;6224->6224;6229->6230;6239->6239;6241->6241;6250->6251;6255->6255;6262->6262;6267->6267;6274->6274;6285->6285;6287->6287;6300->6300;6306->6306;6308->6308;6310->6310;6313->6313;6321->6321;6343->6343;6362->6363;6377->6377;6380->6380;6413->6413;6419->6419;6422->6422;6455->6455;6457->6457;6462->6463;6485->6485;6501->6501;6513->6514;6521->6521;6539->6539;6545->6545;6554->6554;6565->6566;6596->6596;6619->6619;6638->6638;6645->6645;6650->6650;6667->6667;6675->6675;6681->6681;6690->6690;6703->6703;6707->6707;6715->6715;6724->6724;6731->6731;6747->6747;6750->6750;6761->6761;6772->6772;6784->6784;6794->6794;6799->6799;6807->6807;6818->6819;6838->6838;6844->6844;6857->6857;6874->6874;6883->6883;6896->6896;6903->6903;6916->6916;6919->6919;6925->6925;6934->6934;6940->6940;6955->6955;6962->6962;6968->6968;6978->6978;6990->6990;6997->6997;7082->7082;7087->7087;7097->7097;7103->7103;7159->7159;7173->7173;7214->7214;7283->7283;7335->7335;7356->7356;7388->7388;7426->7426;7434->7434;7440->7440;7462->7462;7502->7502;7507->7507;7533->7533;7603->7603;7639->7639;7660->7660;7667->7667;7680->7680;7690->7690;7696->7696;7711->7711;7723->7723;7733->7733;7755->7755;7758->7758;7767->7767;7787->7787;7793->7793;7797->7797;7807->7807;7810->7810;7834->7834;7860->7861;7893->7893;7911->7911;7920->7920;7923->7923;7928->7928;7992->7993;7995->7995;7998->7998;8002->8002;8053->8053;8069->8069;8078->8078;8114->8114;8118->8118;8126->8126;8167->8167;8169->8169;8176->8177;8181->8181;8202->8202;8239->8239;8249->8249;8271->8271;8278->8278;8289->8289;8303->8303;8312->8314;8351->8351;8381->8381;8383->8383;8386->8386;8419->8419;8425->8425;8440->8440;8446->8446;8453->8453;8456->8456;8464->8464;8509->8509;8544->8544;8559->8559;8561->8561;8596->8596;8627->8627;8654->8654;8663->8663;8673->8673;8685->8685;8688->8688;8715->8715;8733->8733;8739->8739;8746->8746;8752->8752;8756->8757;8762->8762;8769->8769;8773->8773;8782->8782;8790->8790;8805->8805;8810->8810;8823->8823;8836->8837;8846->8846;8856->8856;8859->8859;8880->8881;8902->8902;8917->8917;8923->8923;8934->8935;8946->8946;8965->8965;8968->8968;8975->8975;8981->8981;8988->8988;8990->8990;8994->8994
train,Warehouse_006,1,Forklift,8,0->8999,0,8999,TRUE,3,5,1581->1581;1766->1766;1810->1810;1834->1834;1888->1888;1937->1937;2536->2536;3671->3671;3711->3711;3858->3858;4073->4073;4189->4189;4227->4227;4291->4291;4592->4592;4766->4766;4810->4810;4834->4834;4888->4888;4937->4937;5536->5536;7581->7581;7595->7595;7599->7599;7610->7610;7766->7766;7810->7810;7834->7834;7888->7888;7937->7937;8536->8536
train,Warehouse_006,6,PalletTruck,8,0->8999,0,8999,FALSE,0,8,None
train,Warehouse_007,0,Person,52,0->8999,0,8999,TRUE,48,4,18->18;33->33;36->36;73->73;87->87;122->122;150->150;152->152;165->165;181->181;198->198;210->210;247->247;259->259;283->283;313->313;330->330;332->332;421->421;423->423;428->428;439->439;441->441;459->459;463->463;466->466;487->487;489->489;500->500;526->526;538->538;541->541;546->546;557->557;586->586;676->676;679->679;693->693;699->699;723->723;733->733;738->738;742->742;762->762;786->786;833->833;835->835;897->897;900->900;916->916;921->921;925->925;938->938;940->940;947->947;951->951;981->981;1005->1005;1010->1010;1013->1013;1039->1039;1041->1041;1055->1055;1057->1057;1063->1063;1073->1073;1076->1076;1098->1098;1118->1118;1121->1121;1138->1138;1144->1144;1151->1151;1155->1155;1166->1166;1170->1170;1186->1186;1202->1202;1214->1214;1222->1222;1231->1231;1242->1242;1296->1297;1312->1312;1316->1317;1326->1326;1336->1336;1352->1352;1361->1362;1367->1367;1382->1382;1395->1395;1398->1398;1403->1403;1407->1408;1427->1427;1441->1441;1450->1450;1455->1455;1470->1470;1512->1512;1515->1515;1517->1517;1541->1541;1545->1545;1548->1549;1552->1552;1554->1555;1578->1578;1588->1589;1603->1603;1609->1609;1615->1616;1623->1623;1629->1629;1634->1634;1657->1657;1662->1662;1684->1684;1725->1726;1752->1752;1755->1755;1761->1761;1792->1792;1801->1801;1805->1805;1822->1822;1824->1824;1827->1827;1839->1839;1844->1844;1855->1855;1888->1888;1892->1892;1925->1925;1959->1959;1970->1970;1978->1978;1987->1987;2002->2002;2042->2042;2056->2056;2064->2064;2071->2071;2076->2077;2090->2090;2101->2101;2110->2110;2117->2117;2228->2228;2242->2242;2264->2264;2326->2326;2331->2331;2350->2351;2367->2367;2378->2378;2383->2383;2400->2400;2417->2417;2420->2420;2428->2428;2431->2432;2440->2440;2451->2451;2453->2453;2464->2464;2476->2476;2503->2503;2507->2507;2512->2512;2521->2521;2530->2530;2548->2548;2580->2580;2612->2612;2660->2660;2683->2683;2694->2694;2702->2702;2713->2713;2740->2740;2746->2746;2762->2762;2779->2779;2787->2787;2819->2819;2822->2822;2826->2826;2838->2838;2856->2856;2859->2859;2882->2882;2899->2899;2914->2914;2918->2918;2955->2955;2974->2974;2990->2990;2998->2998;3007->3007;3091->3092;3128->3128;3133->3133;3164->3164;3221->3221;3227->3227;3273->3273;3277->3277;3285->3285;3289->3289;3309->3309;3324->3325;3351->3351;3359->3359;3366->3366;3369->3369;3372->3372;3381->3382;3419->3419;3438->3438;3450->3450;3467->3467;3473->3473;3542->3542;3550->3550;3555->3555;3596->3596;3603->3603;3607->3607;3631->3631;3637->3637;3673->3673;3683->3683;3688->3688;3744->3744;3774->3774;3792->3792;3814->3814;3845->3845;3847->3847;3869->3869;3937->3938;3941->3941;3951->3951;3986->3986;4028->4028;4032->4033;4041->4041;4096->4096;4126->4126;4137->4137;4154->4154;4159->4159;4184->4184;4191->4191;4199->4199;4205->4205;4212->4212;4229->4229;4235->4235;4250->4250;4256->4256;4259->4259;4262->4262;4270->4270;4294->4294;4298->4298;4347->4347;4365->4365;4367->4367;4380->4380;4408->4408;4410->4410;4415->4415;4417->4417;4446->4446;4452->4452;4474->4474;4487->4487;4494->4494;4508->4508;4514->4514;4517->4517;4524->4524;4552->4552;4554->4554;4557->4557;4561->4561;4564->4564;4570->4570;4580->4580;4590->4590;4601->4601;4604->4604;4612->4612;4623->4623;4639->4639;4651->4652;4663->4663;4668->4668;4684->4684;4693->4693;4703->4703;4706->4706;4724->4724;4727->4727;4731->4731;4737->4737;4739->4739;4744->4744;4747->4747;4762->4762;4767->4768;4791->4791;4794->4795;4798->4798;4840->4840;4842->4842;4853->4853;4856->4856;4867->4867;4871->4871;4884->4884;4887->4887;4908->4908;4914->4914;4921->4921;4931->4931;4943->4943;4946->4946;4952->4952;4971->4971;4974->4974;4981->4981;4983->4983;5001->5001;5027->5027;5039->5039;5041->5041;5051->5051;5078->5078;5086->5086;5094->5094;5106->5107;5114->5114;5123->5123;5136->5136;5140->5140;5149->5149;5155->5155;5169->5170;5173->5173;5199->5199;5204->5204;5207->5207;5211->5211;5213->5213;5225->5225;5248->5248;5265->5265;5269->5270;5279->5279;5308->5308;5314->5314;5334->5334;5340->5340;5351->5351;5383->5383;5399->5399;5409->5409;5421->5421;5423->5423;5441->5441;5476->5476;5490->5490;5502->5502;5514->5514;5532->5532;5537->5537;5573->5573;5589->5589;5608->5608;5613->5613;5626->5626;5664->5664;5669->5669;5684->5684;5713->5713;5723->5723;5726->5726;5747->5747;5749->5749;5757->5757;5774->5774;5779->5779;5788->5789;5796->5796;5798->5798;5815->5815;5820->5820;5831->5831;5838->5838;5850->5850;5857->5857;5875->5875;5888->5888;5893->5893;5903->5903;5905->5905;5910->5910;5920->5920;5935->5935;5948->5948;5953->5953;5982->5982;5986->5986;5995->5995;5999->5999;6028->6029;6031->6031;6038->6038;6051->6051;6059->6060;6077->6077;6098->6098;6102->6102;6112->6112;6150->6151;6163->6163;6171->6171;6175->6175;6208->6208;6211->6211;6224->6224;6229->6230;6239->6239;6241->6241;6250->6251;6255->6255;6262->6262;6267->6267;6274->6274;6285->6285;6287->6287;6300->6300;6306->6306;6308->6308;6310->6310;6313->6313;6321->6321;6343->6343;6362->6363;6377->6377;6380->6380;6413->6413;6419->6419;6422->6422;6455->6455;6457->6457;6462->6463;6485->6485;6501->6501;6513->6514;6521->6521;6539->6539;6545->6545;6554->6554;6565->6566;6596->6596;6619->6619;6638->6638;6645->6645;6650->6650;6667->6667;6675->6675;6681->6681;6690->6690;6703->6703;6707->6707;6715->6715;6724->6724;6731->6731;6747->6747;6750->6750;6761->6761;6772->6772;6784->6784;6794->6794;6799->6799;6807->6807;6818->6819;6838->6838;6844->6844;6857->6857;6874->6874;6883->6883;6896->6896;6903->6903;6916->6916;6919->6919;6925->6925;6934->6934;6940->6940;6955->6955;6962->6962;6968->6968;6978->6978;6990->6990;6997->6997;7082->7082;7087->7087;7097->7097;7103->7103;7159->7159;7173->7173;7214->7214;7283->7283;7335->7335;7356->7356;7388->7388;7426->7426;7434->7434;7440->7440;7462->7462;7502->7502;7507->7507;7533->7533;7603->7603;7639->7639;7660->7660;7667->7667;7680->7680;7690->7690;7696->7696;7711->7711;7723->7723;7733->7733;7755->7755;7758->7758;7767->7767;7787->7787;7793->7793;7797->7797;7807->7807;7810->7810;7834->7834;7860->7861;7893->7893;7911->7911;7920->7920;7923->7923;7928->7928;7992->7993;7995->7995;7998->7998;8002->8002;8053->8053;8069->8069;8078->8078;8114->8114;8118->8118;8126->8126;8167->8167;8169->8169;8176->8177;8181->8181;8202->8202;8239->8239;8249->8249;8271->8271;8278->8278;8289->8289;8303->8303;8312->8314;8351->8351;8381->8381;8383->8383;8386->8386;8419->8419;8425->8425;8440->8440;8446->8446;8453->8453;8456->8456;8464->8464;8509->8509;8544->8544;8559->8559;8561->8561;8596->8596;8627->8627;8654->8654;8663->8663;8673->8673;8685->8685;8688->8688;8715->8715;8733->8733;8739->8739;8746->8746;8752->8752;8756->8757;8762->8762;8769->8769;8773->8773;8782->8782;8790->8790;8805->8805;8810->8810;8823->8823;8836->8837;8846->8846;8856->8856;8859->8859;8880->8881;8902->8902;8917->8917;8923->8923;8934->8935;8946->8946;8965->8965;8968->8968;8975->8975;8981->8981;8988->8988;8990->8990;8994->8994
train,Warehouse_007,1,Forklift,8,0->8999,0,8999,TRUE,3,5,1581->1581;1766->1766;1810->1810;1834->1834;1888->1888;1937->1937;2536->2536;3671->3671;3711->3711;3858->3858;4073->4073;4189->4189;4227->4227;4291->4291;4592->4592;4766->4766;4810->4810;4834->4834;4888->4888;4937->4937;5536->5536;7581->7581;7595->7595;7599->7599;7610->7610;7766->7766;7810->7810;7834->7834;7888->7888;7937->7937;8536->8536
train,Warehouse_007,6,PalletTruck,8,0->8999,0,8999,FALSE,0,8,None
train,Warehouse_008,0,Person,10,0->8999,0,8999,TRUE,3,7,850->850;2019->2019;6540->6540;6803->6803;7015->7015;7277->7277
train,Warehouse_008,3,Transporter,3,0->8999,0,8999,FALSE,0,3,None
train,Warehouse_008,4,FourierGR1T2,8,0->8999,0,8999,FALSE,0,8,None
train,Warehouse_008,5,AgilityDigit,6,0->8999,0,8999,FALSE,0,6,None
train,Warehouse_009,0,Person,13,0->8999,0,8999,TRUE,1,12,132->132;149->149;1418->1418;1507->1507;3112->3112;4536->4536;4554->4554;5582->5582;7495->7495
train,Warehouse_009,3,Transporter,3,0->8999,0,8999,FALSE,0,3,None
train,Warehouse_009,4,FourierGR1T2,6,0->8999,0,8999,FALSE,0,6,None
train,Warehouse_009,5,AgilityDigit,6,0->8999,0,8999,FALSE,0,6,None
train,Warehouse_010,0,Person,25,0->8999,0,8999,TRUE,7,18,114->115;174->174;386->386;589->589;944->944;1103->1103;6263->6263;6519->6519;7076->7076;7885->7885;8164->8164;8221->8221;8847->8847
train,Warehouse_010,1,Forklift,3,0->8999,0,8999,FALSE,0,3,None
train,Warehouse_010,2,NovaCarter,4,0->8999,0,8999,TRUE,2,2,699->699;2213->2213;3379->3379;5733->5733;6569->6569;8473->8473
train,Warehouse_010,3,Transporter,12,0->8999,0,8999,TRUE,2,10,509->509;1311->1311
train,Warehouse_010,4,FourierGR1T2,8,0->8999,0,8999,TRUE,3,5,24->25;54->55;114->115;1824->1824;4204->4204;6128->6128;6168->6168;6545->6545;8481->8481;8967->8967
train,Warehouse_010,5,AgilityDigit,8,0->8999,0,8999,FALSE,0,8,None
train,Warehouse_011,0,Person,20,0->8999,0,8999,TRUE,3,17,1918->1918;3885->3885;4660->4660;5788->5788;7936->7936;8081->8081;8486->8486
train,Warehouse_011,1,Forklift,3,0->8999,0,8999,FALSE,0,3,None
train,Warehouse_011,2,NovaCarter,3,0->8999,0,8999,FALSE,0,3,None
train,Warehouse_011,3,Transporter,9,0->8999,0,8999,FALSE,0,9,None
train,Warehouse_011,4,FourierGR1T2,10,0->8999,0,8999,TRUE,2,8,61->62;94->95;127->128;159->160;226->227
train,Warehouse_011,5,AgilityDigit,10,0->8999,0,8999,FALSE,0,10,None
train,Warehouse_012,0,Person,15,0->8999,0,8999,TRUE,3,12,435->435;853->853;1375->1375;1553->1553;1596->1596;3104->3104;3237->3237;4231->4231;4607->4607;5318->5318;7118->7118;7432->7432;7821->7821;7839->7839;8951->8951
train,Warehouse_012,2,NovaCarter,4,0->8999,0,8999,FALSE,0,4,None
train,Warehouse_012,3,Transporter,9,0->8999,0,8999,FALSE,0,9,None
train,Warehouse_012,4,FourierGR1T2,6,0->8999,0,8999,FALSE,0,6,None
train,Warehouse_012,5,AgilityDigit,8,0->8999,0,8999,FALSE,0,8,None
train,Warehouse_013,0,Person,16,0->8999,0,8999,TRUE,6,10,144->144;1006->1006;1475->1475;1620->1620;1729->1729;2327->2327;2793->2793;3073->3073;3083->3083;5966->5966;5977->5977;7102->7102;7757->7757;7875->7875;8819->8819
train,Warehouse_013,2,NovaCarter,5,0->8999,0,8999,FALSE,0,5,None
train,Warehouse_013,3,Transporter,10,0->8999,0,8999,FALSE,0,10,None
train,Warehouse_013,4,FourierGR1T2,8,0->8999,0,8999,TRUE,1,7,3522->3522;7995->7995
train,Warehouse_013,5,AgilityDigit,5,0->8999,0,8999,FALSE,0,5,None
train,Warehouse_014,0,Person,20,0->8999,0,8999,TRUE,4,16,1240->1240;1446->1446;2632->2632;3449->3449;3461->3461;3830->3830;4585->4585;5367->5367;5442->5442;6190->6190;6598->6598;7738->7738;8263->8263;8727->8727
train,Warehouse_014,2,NovaCarter,4,0->8999,0,8999,FALSE,0,4,None
train,Warehouse_014,3,Transporter,7,0->8999,0,8999,FALSE,0,7,None
train,Warehouse_014,4,FourierGR1T2,9,0->8999,0,8999,FALSE,0,9,None
train,Warehouse_014,5,AgilityDigit,7,0->8999,0,8999,FALSE,0,7,None
train,Warehouse_015,0,Person,22,0->8999,0,8999,TRUE,3,19,1285->1285;1648->1648;2060->2060;5475->5475;5817->5817;6429->6429;7221->7221
train,Warehouse_015,2,NovaCarter,5,0->8999,0,8999,FALSE,0,5,None
train,Warehouse_015,3,Transporter,7,0->8999,0,8999,FALSE,0,7,None
train,Warehouse_015,4,FourierGR1T2,7,0->8999,0,8999,FALSE,0,7,None
train,Warehouse_015,5,AgilityDigit,8,0->8999,0,8999,FALSE,0,8,None
train,Warehouse_016,0,Person,18,0->8999,0,8999,TRUE,8,10,271->271;538->538;682->682;718->718;740->740;810->810;1336->1336;2094->2094;3503->3503;3661->3661;3696->3696;4236->4236;4450->4450;5323->5323;5698->5698;5794->5794;6554->6554;7325->7325;7960->7960
train,Warehouse_016,1,Forklift,2,0->8999,0,8999,FALSE,0,2,None
train,Warehouse_016,2,NovaCarter,3,0->8999,0,8999,FALSE,0,3,None
train,Warehouse_016,3,Transporter,4,0->8999,0,8999,FALSE,0,4,None
train,Warehouse_016,4,FourierGR1T2,5,0->8999,0,8999,FALSE,0,5,None
train,Warehouse_016,5,AgilityDigit,7,0->8999,0,8999,FALSE,0,7,None
train,Warehouse_017,0,Person,2,0->8999,0,8999,TRUE,2,0,771->771;948->948;1667->1667;1831->1831;2559->2559;2714->2714;3465->3465;3597->3597;4347->4347;4480->4480;5227->5227;5363->5363;6246->6246;7006->7006;7129->7129;7870->7870;8012->8012;8743->8743;8895->8895
train,Warehouse_017,1,Forklift,2,0->8999,0,8999,TRUE,1,1,820->820;1703->1703;2586->2586;3469->3469;4352->4352;5235->5235;6118->6118;7001->7001;7884->7884;8767->8767
train,Warehouse_017,6,PalletTruck,1,0->8999,0,8999,FALSE,0,1,None
train,Warehouse_018,0,Person,1,0->8999,0,8999,TRUE,1,0,881->881;1896->1896;2931->2931;3808->3808;4710->4710;5595->5595;6466->6466;7345->7345;8211->8211
train,Warehouse_018,1,Forklift,2,0->8999,0,8999,TRUE,1,1,1761->1761;3584->3584;5407->5407;7230->7230
train,Warehouse_018,6,PalletTruck,1,0->8999,0,8999,FALSE,0,1,None
train,Warehouse_019,0,Person,3,0->8999,0,8999,TRUE,2,1,803->804;1851->1851;1888->1888;2245->2246;3226->3227;3606->3606;4319->4319;4672->4673;5367->5367;5723->5724;6085->6085;6802->6802;7151->7152;8151->8152;8329->8329;8604->8604
train,Warehouse_019,1,Forklift,1,0->8999,0,8999,FALSE,0,1,None
train,Warehouse_019,6,PalletTruck,1,0->8999,0,8999,FALSE,0,1,None
val,Warehouse_020,0,Person,60,0->8999,0,8999,TRUE,57,3,33->33;36->36;67->68;73->73;76->76;89->89;94->94;101->101;122->122;139->139;154->154;165->165;181->181;191->191;199->199;217->217;225->225;227->227;246->246;253->253;266->266;274->274;279->279;286->286;305->305;313->313;316->316;331->331;380->380;437->437;444->444;468->468;476->476;487->487;489->489;499->499;520->520;528->528;553->553;580->580;583->583;592->592;598->598;602->602;620->620;622->622;624->624;633->633;635->637;649->649;654->654;657->657;659->659;663->663;667->667;675->676;699->700;710->710;715->715;721->721;769->769;781->781;785->785;793->794;805->806;809->809;834->834;865->865;870->870;890->890;903->903;911->911;956->956;965->965;969->969;1001->1001;1005->1005;1033->1033;1045->1045;1064->1064;1066->1066;1073->1074;1086->1086;1101->1102;1106->1106;1140->1140;1145->1145;1168->1168;1173->1173;1183->1183;1195->1195;1197->1197;1216->1216;1227->1227;1244->1244;1252->1252;1270->1270;1281->1281;1288->1288;1298->1298;1321->1321;1359->1359;1401->1401;1403->1403;1407->1407;1413->1413;1422->1422;1433->1433;1436->1436;1449->1449;1454->1454;1459->1459;1481->1481;1490->1490;1499->1499;1503->1503;1512->1512;1520->1520;1544->1544;1557->1558;1560->1560;1563->1563;1568->1568;1581->1581;1592->1592;1595->1595;1624->1624;1634->1634;1640->1640;1654->1654;1656->1656;1667->1667;1697->1697;1702->1702;1761->1761;1767->1768;1771->1771;1814->1814;1816->1816;1818->1818;1828->1828;1838->1838;1840->1840;1844->1845;1850->1851;1866->1866;1879->1879;1946->1946;1968->1968;1974->1974;1978->1978;1983->1983;1987->1987;1990->1990;1995->1995;1999->1999;2003->2003;2018->2018;2035->2035;2066->2066;2082->2082;2118->2118;2124->2124;2140->2140;2174->2174;2176->2176;2207->2207;2216->2217;2240->2240;2242->2242;2246->2246;2250->2250;2256->2257;2272->2272;2277->2277;2293->2293;2295->2295;2315->2315;2325->2325;2332->2332;2334->2334;2337->2337;2348->2349;2352->2352;2361->2361;2369->2369;2420->2420;2431->2431;2434->2434;2487->2487;2516->2517;2529->2529;2574->2574;2593->2593;2630->2630;2639->2639;2676->2676;2690->2690;2703->2703;2706->2707;2718->2718;2732->2732;2749->2749;2761->2761;2777->2778;2789->2789;2803->2803;2809->2809;2816->2816;2831->2831;2834->2834;2872->2872;2874->2876;2890->2890;2901->2901;2912->2912;2931->2931;2937->2937;2942->2942;2960->2960;2968->2968;2973->2973;2977->2977;2984->2984;2987->2987;2989->2989;2991->2991;2997->2997;3000->3000;3003->3003;3005->3005;3009->3009;3044->3044;3061->3061;3069->3069;3096->3096;3100->3100;3113->3113;3121->3121;3124->3124;3146->3146;3182->3182;3247->3247;3258->3259;3270->3270;3273->3273;3284->3284;3291->3291;3297->3297;3309->3309;3319->3319;3324->3324;3351->3351;3359->3359;3369->3370;3381->3381;3392->3392;3394->3394;3415->3415;3431->3431;3452->3452;3454->3454;3465->3465;3477->3477;3484->3484;3490->3490;3526->3527;3539->3539;3541->3541;3546->3546;3557->3557;3572->3572;3593->3593;3595->3596;3610->3610;3613->3613;3626->3626;3633->3633;3637->3638;3641->3641;3649->3649;3654->3654;3679->3679;3683->3683;3691->3691;3714->3714;3718->3719;3723->3723;3731->3731;3738->3738;3742->3742;3747->3747;3752->3753;3765->3765;3791->3791;3805->3805;3827->3827;3835->3836;3853->3853;3858->3858;3889->3889;3900->3900;3955->3956;3959->3959;3968->3968;3975->3975;3979->3979;3992->3992;3996->3996;4000->4000;4002->4002;4010->4010;4064->4064;4070->4070;4074->4074;4077->4077;4086->4086;4101->4101;4104->4104;4117->4117;4132->4132;4145->4145;4181->4182;4188->4188;4196->4196;4206->4206;4216->4216;4220->4220;4241->4241;4253->4255;4266->4266;4279->4279;4294->4294;4296->4296;4359->4359;4362->4362;4369->4369;4371->4371;4407->4407;4427->4427;4444->4444;4467->4467;4473->4473;4482->4482;4490->4490;4508->4508;4533->4533;4541->4541;4590->4590;4609->4609;4629->4629;4641->4642;4727->4727;4816->4816;4827->4827;4864->4864;4872->4872;4879->4879;4888->4888;4890->4890;4905->4905;4922->4922;4936->4936;4947->4947;4994->4994;5014->5014;5049->5051;5063->5063;5090->5090;5094->5094;5111->5111;5201->5201;5270->5270;5281->5281;5298->5298;5303->5303;5315->5317;5326->5327;5336->5337;5341->5341;5347->5347;5362->5363;5372->5372;5377->5377;5380->5380;5387->5387;5395->5395;5404->5404;5415->5415;5428->5429;5432->5433;5439->5439;5449->5449;5452->5452;5461->5461;5464->5464;5467->5468;5527->5527;5529->5529;5532->5532;5537->5537;5545->5545;5553->5553;5566->5566;5587->5587;5599->5599;5618->5618;5628->5628;5649->5649;5681->5681;5695->5695;5722->5723;5739->5739;5746->5746;5758->5758;5777->5777;5817->5817;5827->5827;5846->5846;5856->5856;5880->5880;5903->5903;5921->5921;5933->5933;5948->5948;5968->5969;5975->5975;6029->6029;6036->6036;6045->6045;6065->6065;6071->6071;6073->6073;6089->6089;6100->6100;6115->6115;6131->6131;6137->6137;6152->6152;6161->6161;6172->6172;6189->6189;6195->6195;6225->6225;6232->6232;6240->6241;6249->6249;6254->6254;6264->6264;6280->6280;6284->6284;6289->6289;6304->6304;6306->6306;6325->6325;6361->6361;6390->6390;6392->6392;6413->6413;6420->6420;6440->6440;6465->6465;6469->6469;6474->6474;6481->6481;6486->6486;6488->6488;6505->6505;6510->6510;6517->6517;6539->6539;6545->6545;6558->6558;6570->6570;6578->6578;6581->6581;6584->6584;6601->6601;6656->6656;6665->6665;6668->6668;6683->6683;6691->6691;6727->6727;6731->6731;6741->6741;6744->6744;6762->6762;6766->6766;6795->6795;6799->6800;6802->6802;6806->6806;6842->6842;6863->6863;6891->6891;6927->6927;6952->6952;6967->6968;6970->6970;6986->6986;7026->7026;7039->7039;7080->7080;7112->7112;7121->7121;7127->7127;7146->7146;7159->7159;7173->7173;7205->7207;7220->7222;7225->7225;7227->7227;7237->7237;7254->7254;7260->7260;7264->7264;7268->7268;7278->7278;7320->7320;7327->7327;7346->7346;7350->7350;7363->7363;7368->7368;7374->7374;7384->7384;7397->7397;7411->7411;7423->7423;7429->7429;7436->7436;7438->7438;7449->7449;7453->7453;7466->7466;7471->7471;7474->7474;7483->7483;7489->7489;7492->7492;7503->7503;7522->7522;7562->7562;7564->7564;7592->7592;7656->7656;7673->7673;7679->7679;7698->7698;7705->7705;7708->7708;7711->7711;7721->7721;7724->7725;7727->7727;7742->7742;7751->7751;7761->7761;7772->7772;7774->7774;7794->7794;7802->7802;7814->7815;7833->7833;7845->7845;7849->7849;7863->7863;7868->7868;7884->7884;7893->7894;7902->7902;7916->7916;7918->7918;7926->7926;7949->7949;7952->7952;7956->7956;7976->7976;8000->8000;8031->8031;8035->8035;8042->8043;8055->8055;8072->8072;8088->8088;8100->8100;8102->8102;8125->8125;8132->8132;8151->8151;8153->8153;8156->8156;8160->8160;8177->8177;8218->8218;8221->8221;8224->8225;8230->8230;8236->8236;8240->8240;8249->8249;8252->8252;8259->8259;8272->8273;8277->8277;8305->8305;8313->8313;8319->8319;8338->8338;8355->8355;8368->8368;8391->8391;8423->8423;8436->8436;8440->8440;8446->8446;8457->8457;8461->8461;8491->8491;8527->8527;8549->8549;8557->8557;8692->8693;8709->8709;8729->8729;8742->8742;8747->8747;8764->8764;8766->8766;8772->8772;8778->8778;8785->8785;8805->8805;8817->8817;8825->8825;8848->8848;8853->8853;8861->8861;8864->8864;8902->8902;8918->8918;8928->8928;8936->8936;8950->8950;8952->8952;8955->8955;8994->8994
val,Warehouse_020,1,Forklift,9,0->8999,0,8999,TRUE,3,6,274->274;1888->1888;2020->2020;2566->2566;2587->2587;2594->2594;2681->2681;2916->2916;3034->3034;4774->4774;4843->4843;4888->4888;4923->4923;5020->5020;5073->5073;5566->5566;7181->7181;7888->7888;8020->8020;8566->8566
val,Warehouse_020,6,PalletTruck,10,0->8999,0,8999,FALSE,0,10,None
val,Warehouse_021,0,Person,60,0->8999,0,8999,TRUE,57,3,33->33;36->36;67->68;73->73;76->76;89->89;94->94;101->101;122->122;139->139;154->154;165->165;181->181;191->191;199->199;217->217;225->225;227->227;246->246;253->253;266->266;274->274;279->279;286->286;305->305;313->313;316->316;331->331;380->380;437->437;444->444;468->468;476->476;487->487;489->489;499->499;520->520;528->528;553->553;580->580;583->583;592->592;598->598;602->602;620->620;622->622;624->624;633->633;635->637;649->649;654->654;657->657;659->659;663->663;667->667;675->676;699->700;710->710;715->715;721->721;769->769;781->781;785->785;793->794;805->806;809->809;834->834;865->865;870->870;890->890;903->903;911->911;956->956;965->965;969->969;1001->1001;1005->1005;1033->1033;1045->1045;1064->1064;1066->1066;1073->1074;1086->1086;1101->1102;1106->1106;1140->1140;1145->1145;1168->1168;1173->1173;1183->1183;1195->1195;1197->1197;1216->1216;1227->1227;1244->1244;1252->1252;1270->1270;1281->1281;1288->1288;1298->1298;1321->1321;1359->1359;1401->1401;1403->1403;1407->1407;1413->1413;1422->1422;1433->1433;1436->1436;1449->1449;1454->1454;1459->1459;1481->1481;1490->1490;1499->1499;1503->1503;1512->1512;1520->1520;1544->1544;1557->1558;1560->1560;1563->1563;1568->1568;1581->1581;1592->1592;1595->1595;1624->1624;1634->1634;1640->1640;1654->1654;1656->1656;1667->1667;1697->1697;1702->1702;1761->1761;1767->1768;1771->1771;1814->1814;1816->1816;1818->1818;1828->1828;1838->1838;1840->1840;1844->1845;1850->1851;1866->1866;1879->1879;1946->1946;1968->1968;1974->1974;1978->1978;1983->1983;1987->1987;1990->1990;1995->1995;1999->1999;2003->2003;2018->2018;2035->2035;2066->2066;2082->2082;2118->2118;2124->2124;2140->2140;2174->2174;2176->2176;2207->2207;2216->2217;2240->2240;2242->2242;2246->2246;2250->2250;2256->2257;2272->2272;2277->2277;2293->2293;2295->2295;2315->2315;2325->2325;2332->2332;2334->2334;2337->2337;2348->2349;2352->2352;2361->2361;2369->2369;2420->2420;2431->2431;2434->2434;2487->2487;2516->2517;2529->2529;2574->2574;2593->2593;2630->2630;2639->2639;2676->2676;2690->2690;2703->2703;2706->2707;2718->2718;2732->2732;2749->2749;2761->2761;2777->2778;2789->2789;2803->2803;2809->2809;2816->2816;2831->2831;2834->2834;2872->2872;2874->2876;2890->2890;2901->2901;2912->2912;2931->2931;2937->2937;2942->2942;2960->2960;2968->2968;2973->2973;2977->2977;2984->2984;2987->2987;2989->2989;2991->2991;2997->2997;3000->3000;3003->3003;3005->3005;3009->3009;3044->3044;3061->3061;3069->3069;3096->3096;3100->3100;3113->3113;3121->3121;3124->3124;3146->3146;3182->3182;3247->3247;3258->3259;3270->3270;3273->3273;3284->3284;3291->3291;3297->3297;3309->3309;3319->3319;3324->3324;3351->3351;3359->3359;3369->3370;3381->3381;3392->3392;3394->3394;3415->3415;3431->3431;3452->3452;3454->3454;3465->3465;3477->3477;3484->3484;3490->3490;3526->3527;3539->3539;3541->3541;3546->3546;3557->3557;3572->3572;3593->3593;3595->3596;3610->3610;3613->3613;3626->3626;3633->3633;3637->3638;3641->3641;3649->3649;3654->3654;3679->3679;3683->3683;3691->3691;3714->3714;3718->3719;3723->3723;3731->3731;3738->3738;3742->3742;3747->3747;3752->3753;3765->3765;3791->3791;3805->3805;3827->3827;3835->3836;3853->3853;3858->3858;3889->3889;3900->3900;3955->3956;3959->3959;3968->3968;3975->3975;3979->3979;3992->3992;3996->3996;4000->4000;4002->4002;4010->4010;4064->4064;4070->4070;4074->4074;4077->4077;4086->4086;4101->4101;4104->4104;4117->4117;4132->4132;4145->4145;4181->4182;4188->4188;4196->4196;4206->4206;4216->4216;4220->4220;4241->4241;4253->4255;4266->4266;4279->4279;4294->4294;4296->4296;4359->4359;4362->4362;4369->4369;4371->4371;4407->4407;4427->4427;4444->4444;4467->4467;4473->4473;4482->4482;4490->4490;4508->4508;4533->4533;4541->4541;4590->4590;4609->4609;4629->4629;4641->4642;4727->4727;4816->4816;4827->4827;4864->4864;4872->4872;4879->4879;4888->4888;4890->4890;4905->4905;4922->4922;4936->4936;4947->4947;4994->4994;5014->5014;5049->5051;5063->5063;5090->5090;5094->5094;5111->5111;5201->5201;5270->5270;5281->5281;5298->5298;5303->5303;5315->5317;5326->5327;5336->5337;5341->5341;5347->5347;5362->5363;5372->5372;5377->5377;5380->5380;5387->5387;5395->5395;5404->5404;5415->5415;5428->5429;5432->5433;5439->5439;5449->5449;5452->5452;5461->5461;5464->5464;5467->5468;5527->5527;5529->5529;5532->5532;5537->5537;5545->5545;5553->5553;5566->5566;5587->5587;5599->5599;5618->5618;5628->5628;5649->5649;5681->5681;5695->5695;5722->5723;5739->5739;5746->5746;5758->5758;5777->5777;5817->5817;5827->5827;5846->5846;5856->5856;5880->5880;5903->5903;5921->5921;5933->5933;5948->5948;5968->5969;5975->5975;6029->6029;6036->6036;6045->6045;6065->6065;6071->6071;6073->6073;6089->6089;6100->6100;6115->6115;6131->6131;6137->6137;6152->6152;6161->6161;6172->6172;6189->6189;6195->6195;6225->6225;6232->6232;6240->6241;6249->6249;6254->6254;6264->6264;6280->6280;6284->6284;6289->6289;6304->6304;6306->6306;6325->6325;6361->6361;6390->6390;6392->6392;6413->6413;6420->6420;6440->6440;6465->6465;6469->6469;6474->6474;6481->6481;6486->6486;6488->6488;6505->6505;6510->6510;6517->6517;6539->6539;6545->6545;6558->6558;6570->6570;6578->6578;6581->6581;6584->6584;6601->6601;6656->6656;6665->6665;6668->6668;6683->6683;6691->6691;6727->6727;6731->6731;6741->6741;6744->6744;6762->6762;6766->6766;6795->6795;6799->6800;6802->6802;6806->6806;6842->6842;6863->6863;6891->6891;6927->6927;6952->6952;6967->6968;6970->6970;6986->6986;7026->7026;7039->7039;7080->7080;7112->7112;7121->7121;7127->7127;7146->7146;7159->7159;7173->7173;7205->7207;7220->7222;7225->7225;7227->7227;7237->7237;7254->7254;7260->7260;7264->7264;7268->7268;7278->7278;7320->7320;7327->7327;7346->7346;7350->7350;7363->7363;7368->7368;7374->7374;7384->7384;7397->7397;7411->7411;7423->7423;7429->7429;7436->7436;7438->7438;7449->7449;7453->7453;7466->7466;7471->7471;7474->7474;7483->7483;7489->7489;7492->7492;7503->7503;7522->7522;7562->7562;7564->7564;7592->7592;7656->7656;7673->7673;7679->7679;7698->7698;7705->7705;7708->7708;7711->7711;7721->7721;7724->7725;7727->7727;7742->7742;7751->7751;7761->7761;7772->7772;7774->7774;7794->7794;7802->7802;7814->7815;7833->7833;7845->7845;7849->7849;7863->7863;7868->7868;7884->7884;7893->7894;7902->7902;7916->7916;7918->7918;7926->7926;7949->7949;7952->7952;7956->7956;7976->7976;8000->8000;8031->8031;8035->8035;8042->8043;8055->8055;8072->8072;8088->8088;8100->8100;8102->8102;8125->8125;8132->8132;8151->8151;8153->8153;8156->8156;8160->8160;8177->8177;8218->8218;8221->8221;8224->8225;8230->8230;8236->8236;8240->8240;8249->8249;8252->8252;8259->8259;8272->8273;8277->8277;8305->8305;8313->8313;8319->8319;8338->8338;8355->8355;8368->8368;8391->8391;8423->8423;8436->8436;8440->8440;8446->8446;8457->8457;8461->8461;8491->8491;8527->8527;8549->8549;8557->8557;8692->8693;8709->8709;8729->8729;8742->8742;8747->8747;8764->8764;8766->8766;8772->8772;8778->8778;8785->8785;8805->8805;8817->8817;8825->8825;8848->8848;8853->8853;8861->8861;8864->8864;8902->8902;8918->8918;8928->8928;8936->8936;8950->8950;8952->8952;8955->8955;8994->8994
val,Warehouse_021,1,Forklift,9,0->8999,0,8999,TRUE,3,6,274->274;1888->1888;2020->2020;2566->2566;2587->2587;2594->2594;2681->2681;2916->2916;3034->3034;4774->4774;4843->4843;4888->4888;4923->4923;5020->5020;5073->5073;5566->5566;7181->7181;7888->7888;8020->8020;8566->8566
val,Warehouse_021,6,PalletTruck,10,0->8999,0,8999,FALSE,0,10,None
val,Warehouse_022,0,Person,24,0->9269,0,9269,TRUE,24,0,3->3;7->7;10->11;18->18;49->49;71->71;113->113;132->132;135->135;170->170;199->199;335->335;397->397;400->400;636->636;640->640;648->648;659->659;664->664;679->679;694->694;696->696;719->719;721->721;727->727;748->748;751->751;758->758;762->762;769->769;787->787;792->792;804->805;822->822;826->826;836->836;840->840;853->853;855->855;867->867;877->878;880->880;885->885;887->887;901->901;912->912;937->937;942->942;949->949;963->963;967->967;977->977;993->993;1013->1013;1018->1018;1037->1037;1067->1067;1092->1092;1107->1107;1159->1159;1175->1175;1211->1211;1216->1216;1225->1225;1237->1237;1267->1267;1296->1296;1303->1303;1309->1309;1311->1311;1344->1344;1352->1352;1418->1418;1485->1485;1488->1488;1517->1517;1540->1540;1570->1570;1580->1580;1674->1674;1678->1678;1713->1713;1734->1734;1749->1749;1754->1754;1795->1795;1807->1807;1813->1813;1815->1815;1824->1825;1855->1855;1861->1861;1864->1864;1890->1890;1904->1904;1918->1918;1931->1931;1939->1939;1947->1947;1955->1955;1973->1973;1975->1975;1993->1993;1996->1996;2015->2016;2019->2019;2021->2021;2028->2028;2045->2046;2059->2059;2067->2067;2075->2075;2114->2114;2124->2124;2140->2140;2146->2146;2148->2148;2156->2156;2164->2164;2177->2177;2190->2190;2208->2208;2241->2241;2269->2269;2285->2285;2291->2291;2297->2297;2309->2309;2318->2318;2324->2324;2336->2336;2353->2353;2362->2362;2367->2367;2370->2370;2376->2376;2383->2383;2399->2399;2415->2415;2421->2421;2427->2427;2431->2431;2435->2435;2445->2445;2447->2447;2481->2481;2490->2490;2492->2492;2495->2495;2507->2507;2509->2509;2532->2532;2536->2536;2563->2563;2584->2584;2594->2595;2608->2608;2632->2633;2639->2639;2646->2646;2659->2659;2661->2661;2685->2685;2700->2701;2703->2703;2709->2709;2714->2714;2733->2733;2739->2739;2762->2762;2771->2771;2807->2807;2840->2840;2846->2846;2854->2854;2857->2857;2870->2870;2884->2884;2889->2889;2910->2911;2919->2919;2945->2945;2952->2952;2959->2959;2974->2974;2990->2990;3013->3013;3029->3029;3051->3051;3054->3054;3069->3069;3101->3101;3121->3121;3145->3145;3150->3150;3159->3159;3166->3166;3171->3171;3173->3173;3184->3184;3186->3186;3216->3217;3246->3246;3316->3316;3328->3328;3353->3353;3355->3356;3380->3381;3387->3387;3396->3397;3404->3404;3410->3410;3415->3415;3445->3445;3454->3455;3470->3470;3479->3479;3500->3501;3521->3521;3533->3533;3548->3548;3553->3553;3571->3571;3574->3574;3637->3637;3645->3645;3679->3679;3692->3692;3711->3711;3718->3719;3728->3728;3747->3747;3814->3814;3843->3843;3849->3849;3854->3854;3858->3858;3889->3889;3891->3891;3901->3901;3911->3911;3936->3936;3955->3955;3994->3994;4003->4003;4016->4016;4046->4046;4060->4060;4085->4085;4092->4092;4138->4138;4141->4141;4159->4159;4162->4163;4170->4170;4178->4178;4181->4181;4183->4183;4198->4198;4201->4201;4214->4214;4222->4222;4244->4244;4246->4246;4259->4259;4261->4261;4263->4263;4270->4270;4292->4292;4294->4294;4304->4305;4323->4323;4347->4347;4349->4349;4354->4354;4369->4369;4373->4373;4376->4376;4399->4399;4409->4409;4422->4422;4434->4434;4442->4442;4448->4448;4450->4450;4452->4452;4474->4474;4482->4482;4520->4520;4541->4541;4545->4546;4575->4575;4590->4590;4618->4618;4622->4622;4649->4649;4666->4666;4678->4678;4705->4705;4714->4714;4762->4762;4770->4770;4783->4783;4785->4786;4788->4788;4794->4795;4798->4798;4801->4801;4822->4822;4824->4824;4827->4828;4837->4838;4842->4842;4885->4885;4903->4903;4906->4906;4909->4909;4911->4911;4957->4957;4966->4966;4970->4970;4972->4972;4974->4974;4995->4995;5003->5003;5014->5014;5024->5024;5028->5028;5040->5040;5060->5060;5063->5063;5067->5067;5071->5071;5076->5076;5083->5083;5111->5111;5113->5113;5129->5129;5135->5135;5141->5141;5148->5148;5172->5172;5195->5195;5208->5208;5212->5212;5214->5214;5231->5231;5234->5234;5242->5242;5280->5280;5288->5288;5303->5303;5311->5311;5317->5317;5321->5322;5328->5328;5336->5336;5360->5360;5405->5405;5407->5407;5413->5413;5418->5418;5420->5420;5456->5456;5464->5465;5476->5476;5479->5479;5489->5489;5494->5494;5500->5500;5532->5532;5537->5537;5546->5547;5598->5598;5601->5601;5645->5645;5655->5655;5660->5660;5669->5669;5677->5677;5731->5731;5739->5739;5771->5771;5786->5786;5825->5825;5839->5839;5844->5844;5868->5868;5891->5891;5893->5893;5916->5916;5920->5920;5923->5923;5925->5925;5948->5948;5965->5965;5979->5979;5981->5981;6034->6034;6044->6045;6049->6049;6057->6058;6060->6060;6064->6064;6084->6084;6155->6156;6167->6168;6171->6171;6207->6207;6215->6215;6235->6236;6244->6244;6261->6261;6277->6277;6280->6280;6285->6285;6300->6300;6302->6302;6332->6332;6348->6349;6358->6358;6363->6363;6381->6381;6391->6391;6400->6401;6409->6409;6411->6412;6419->6419;6432->6432;6440->6440;6448->6448;6452->6452;6462->6462;6483->6483;6490->6491;6493->6493;6498->6498;6506->6506;6530->6530;6532->6532;6546->6547;6557->6557;6593->6593;6612->6612;6650->6650;6656->6656;6670->6670;6680->6681;6695->6695;6712->6712;6719->6719;6735->6735;6754->6754;6768->6768;6783->6783;6792->6792;6825->6825;6832->6832;6841->6841;6859->6859;6872->6872;6882->6882;6885->6885;6889->6889;6896->6896;6911->6911;6935->6935;6942->6942;7010->7010;7012->7012;7018->7018;7036->7036;7041->7041;7066->7066;7068->7068;7086->7086;7094->7094;7110->7110;7137->7138;7185->7185;7232->7232;7250->7250;7272->7273;7288->7288;7300->7300;7323->7325;7328->7328;7346->7346;7412->7412;7434->7434;7493->7493;7548->7548;7550->7550;7556->7556;7559->7559;7572->7572;7579->7579;7581->7581;7587->7587;7595->7595;7607->7607;7610->7610;7621->7621;7626->7626;7628->7628;7643->7644;7660->7660;7671->7671;7680->7680;7683->7683;7687->7687;7700->7700;7721->7722;7751->7751;7771->7771;7789->7789;7795->7795;7813->7813;7819->7819;7831->7831;7859->7859;7872->7872;7877->7877;7891->7891;7898->7898;7905->7906;7911->7911;7926->7926;7954->7954;7956->7956;7959->7959;7973->7973;7986->7986;8000->8000;8013->8014;8028->8028;8050->8050;8057->8057;8071->8071;8073->8073;8081->8081;8107->8107;8120->8120;8125->8125;8142->8142;8157->8157;8173->8173;8180->8180;8186->8186;8192->8192;8202->8202;8212->8212;8221->8221;8252->8252;8271->8272;8280->8280;8286->8286;8301->8301;8305->8305;8309->8309;8316->8316;8320->8320;8325->8325;8348->8348;8369->8369;8384->8384;8408->8408;8423->8423;8428->8428;8431->8431;8438->8438;8447->8447;8453->8453;8461->8461;8468->8468;8471->8471;8473->8473;8475->8475;8483->8483;8490->8490;8497->8497;8499->8499;8507->8507;8514->8514;8530->8530;8560->8560;8569->8569;8574->8574;8580->8580;8588->8588;8608->8608;8610->8610;8637->8637;8643->8643;8652->8652;8666->8666;8689->8689;8694->8694;8696->8697;8701->8701;8703->8703;8717->8717;8727->8727;8737->8737;8752->8752;8758->8758;8766->8766;8776->8776;8782->8782;8794->8794;8819->8819;8822->8822;8825->8825;8834->8834;8838->8838;8855->8855;8861->8862;8884->8884;8903->8903;8924->8924;8939->8939;8954->8954;9006->9006;9037->9037;9054->9054;9087->9087;9098->9098;9121->9121;9146->9146;9178->9178;9203->9204;9223->9223;9261->9261
val,Warehouse_022,1,Forklift,1,3061->9269,3061,9269,TRUE,1,0,3912->3912;7292->7292;8161->8161;9111->9111
val,Warehouse_022,2,NovaCarter,2,579->8673,579,8673,TRUE,1,1,2233->2233;3803->3803;5139->5139;6844->6844;8536->8536
val,Warehouse_022,3,Transporter,2,585->7232,585,7232,TRUE,2,0,965->965;1947->1947;2356->2356;2881->2881;4910->4910;6521->6521;6959->6959;6981->6981
